StudentID,SkillID
3192,4
3192,2
3192,7
3192,6
3192,9
3192,1
3192,10
3192,13
3192,23
3196,6
3196,4
3196,1
3196,9
3196,2
3196,10
3196,44
3196,8
3198,4
3198,2
3198,10
3198,7
3198,9
3198,1
3198,6
3198,46
3198,89
3201,7
3201,1
3201,4
3201,9
3201,10
3201,56
3201,37
3201,28
3203,7
3203,1
3203,2
3203,10
3203,4
3203,61
3203,41
3205,6
3205,9
3205,7
3205,2
3205,4
3205,10
3205,16
3224,4
3224,1
3224,2
3224,9
3224,7
3224,6
3224,88
3224,45
3233,6
3233,1
3233,2
3233,4
3233,10
3233,9
3233,21
3233,31
3251,4
3251,10
3251,7
3251,2
3251,9
3251,1
3251,6
3251,68
3251,35
3251,63
3282,9
3282,10
3282,2
3282,4
3282,6
3282,1
3282,58
3282,30
3282,43
3292,1
3292,6
3292,2
3292,10
3292,7
3292,9
3292,41
3292,66
3293,10
3293,9
3293,4
3293,1
3293,6
3293,7
3293,2
3293,49
3293,36
3293,16
3295,4
3295,9
3295,7
3295,6
3295,10
3295,2
3295,1
3295,57
3295,68
3295,79
3309,4
3309,10
3309,9
3309,7
3309,2
3309,65
3322,6
3322,2
3322,7
3322,9
3322,4
3322,10
3322,1
3322,12
3322,92
3329,1
3329,9
3329,6
3329,4
3329,10
3329,7
3329,2
3329,45
3329,48
3349,9
3349,6
3349,1
3349,2
3349,4
3349,7
3349,52
3349,79
3349,62
3352,10
3352,1
3352,4
3352,6
3352,9
3352,2
3352,23
3352,55
3352,84
3358,1
3358,6
3358,2
3358,7
3358,10
3358,43
3358,28
3358,26
3367,6
3367,7
3367,10
3367,4
3367,1
3367,2
3367,9
3367,54
3367,88
3373,9
3373,10
3373,4
3373,6
3373,1
3373,69
3373,65
3383,10
3383,6
3383,2
3383,7
3383,9
3383,4
3383,75
3384,10
3384,6
3384,2
3384,1
3384,7
3384,4
3384,59
3384,31
3398,1
3398,7
3398,2
3398,9
3398,4
3398,10
3398,6
3398,49
3399,2
3399,10
3399,7
3399,6
3399,4
3399,1
3399,9
3399,84
3401,6
3401,7
3401,9
3401,2
3401,1
3401,10
3401,4
3401,38
3401,30
3401,68
3402,2
3402,4
3402,10
3402,9
3402,1
3402,6
3402,7
3402,67
3402,66
3402,39
3403,7
3403,6
3403,2
3403,10
3403,9
3403,1
3403,4
3403,39
3407,9
3407,1
3407,10
3407,7
3407,4
3407,2
3407,67
3407,56
3407,16
3416,4
3416,9
3416,7
3416,1
3416,10
3416,6
3416,68
3416,14
3420,10
3420,6
3420,1
3420,4
3420,2
3420,9
3420,22
3420,20
3421,10
3421,4
3421,7
3421,1
3421,9
3421,52
3428,9
3428,4
3428,2
3428,7
3428,6
3428,1
3428,19
3428,49
3431,9
3431,1
3431,6
3431,7
3431,10
3431,2
3431,4
3431,64
3431,50
3434,9
3434,4
3434,7
3434,10
3434,6
3434,1
3434,25
3437,4
3437,1
3437,2
3437,10
3437,6
3437,7
3437,9
3437,28
3437,80
3438,4
3438,6
3438,9
3438,10
3438,1
3438,7
3438,2
3438,45
3438,57
3438,40
3443,2
3443,1
3443,10
3443,4
3443,9
3443,6
3443,7
3443,73
3443,74
3450,6
3450,7
3450,2
3450,4
3450,10
3450,1
3450,71
3450,47
3450,73
3456,6
3456,10
3456,2
3456,9
3456,1
3456,7
3456,4
3456,92
3460,4
3460,2
3460,10
3460,9
3460,1
3460,41
3461,10
3461,9
3461,1
3461,2
3461,6
3461,4
3461,7
3461,89
3461,5
3461,75
3462,9
3462,2
3462,4
3462,1
3462,10
3462,18
3462,48
3462,70
3464,4
3464,7
3464,9
3464,1
3464,6
3464,78
3464,72
3468,2
3468,4
3468,10
3468,7
3468,1
3468,64
3468,28
3468,11
3476,4
3476,7
3476,10
3476,1
3476,9
3476,6
3476,2
3476,74
3188,1
3188,2
3188,17
3188,20
3188,7
3188,16
3188,74
3197,6
3197,1
3197,2
3197,7
3197,61
3216,7
3216,2
3216,1
3216,6
3216,32
3216,81
3216,67
3234,17
3234,1
3234,7
3234,20
3234,2
3234,30
3234,81
3234,87
3252,7
3252,1
3252,6
3252,2
3252,20
3252,17
3252,29
3252,49
3252,71
3259,17
3259,6
3259,20
3259,2
3259,1
3259,41
3259,92
3263,17
3263,6
3263,7
3263,1
3263,20
3263,2
3263,47
3269,7
3269,20
3269,2
3269,1
3269,6
3269,17
3269,45
3269,18
3269,63
3273,20
3273,17
3273,2
3273,1
3273,6
3273,33
3290,17
3290,6
3290,20
3290,7
3290,2
3290,44
3294,2
3294,17
3294,20
3294,7
3294,1
3294,6
3294,28
3294,27
3301,20
3301,2
3301,6
3301,7
3301,17
3301,1
3301,41
3301,36
3301,40
3311,6
3311,20
3311,2
3311,7
3311,17
3311,51
3311,46
3311,63
3326,7
3326,17
3326,20
3326,2
3326,1
3326,11
3326,58
3335,20
3335,2
3335,7
3335,17
3335,1
3335,31
3335,32
3335,90
3347,6
3347,20
3347,17
3347,1
3347,2
3347,7
3347,48
3347,78
3354,20
3354,2
3354,17
3354,6
3354,7
3354,1
3354,14
3182,7
3182,11
3182,12
3182,14
3182,80
3182,65
3182,6
3190,12
3190,7
3190,14
3190,11
3190,5
3190,10
3199,11
3199,14
3199,7
3199,12
3199,5
3199,23
3199,15
3208,12
3208,7
3208,5
3208,14
3208,11
3208,17
3208,62
3208,37
3209,14
3209,11
3209,12
3209,7
3209,5
3209,13
3211,11
3211,12
3211,14
3211,5
3211,7
3211,65
3211,35
3332,11
3332,14
3332,5
3332,7
3332,12
3332,3
3332,23
3332,21
3338,12
3338,14
3338,7
3338,5
3338,11
3338,53
3338,3
3338,78
3342,5
3342,11
3342,12
3342,7
3342,14
3342,48
3342,87
3342,13
3344,14
3344,5
3344,11
3344,12
3344,25
3344,70
3344,16
3345,14
3345,7
3345,5
3345,12
3345,11
3345,63
3345,25
3175,15
3175,5
3175,7
3175,14
3175,11
3175,18
3175,12
3175,16
3175,82
3175,46
3180,16
3180,5
3180,18
3180,7
3180,11
3180,14
3180,40
3181,15
3181,14
3181,12
3181,7
3181,11
3181,18
3181,26
3181,31
3181,25
3189,14
3189,7
3189,5
3189,15
3189,18
3189,12
3189,51
3189,11
3189,48
3191,12
3191,15
3191,7
3191,16
3191,11
3191,5
3191,14
3191,37
3191,35
3193,5
3193,7
3193,12
3193,18
3193,15
3193,14
3193,16
3193,34
3193,56
3193,9
3207,18
3207,12
3207,7
3207,15
3207,16
3207,11
3207,5
3207,30
3231,7
3231,18
3231,16
3231,5
3231,12
3231,11
3231,15
3231,14
3231,33
3231,35
3243,15
3243,12
3243,11
3243,14
3243,5
3243,7
3243,1
3254,16
3254,12
3254,5
3254,11
3254,14
3254,7
3254,15
3254,91
3254,46
3260,7
3260,15
3260,16
3260,12
3260,14
3260,5
3260,89
3260,48
3275,11
3275,16
3275,7
3275,15
3275,5
3275,12
3275,26
3275,24
3275,67
3278,5
3278,14
3278,7
3278,11
3278,16
3278,12
3278,27
3278,60
3289,11
3289,14
3289,7
3289,15
3289,18
3289,5
3289,4
3300,12
3300,11
3300,18
3300,16
3300,14
3300,15
3300,7
3300,4
3315,5
3315,12
3315,18
3315,7
3315,16
3315,15
3315,14
3315,75
3315,29
3315,28
3316,5
3316,11
3316,7
3316,18
3316,12
3316,14
3316,67
3317,16
3317,18
3317,14
3317,12
3317,7
3317,11
3317,5
3317,68
3317,40
3321,15
3321,18
3321,14
3321,11
3321,5
3321,7
3321,80
3321,32
3340,12
3340,14
3340,7
3340,15
3340,16
3340,11
3340,19
3356,16
3356,11
3356,14
3356,5
3356,7
3356,15
3356,12
3356,18
3356,47
3356,51
3356,68
3210,24
3210,26
3210,6
3210,22
3210,23
3210,25
3210,1
3210,27
3210,58
3210,89
3210,9
3214,22
3214,1
3214,6
3214,26
3214,25
3214,24
3214,48
3214,3
3249,27
3249,23
3249,22
3249,6
3249,26
3249,24
3249,1
3249,25
3249,42
3249,78
3249,65
3250,24
3250,25
3250,27
3250,22
3250,26
3250,1
3250,50
3250,69
3255,27
3255,25
3255,1
3255,22
3255,24
3255,26
3255,6
3255,23
3255,5
3255,78
3255,19
3266,23
3266,27
3266,1
3266,25
3266,22
3266,24
3266,46
3266,64
3280,6
3280,26
3280,24
3280,27
3280,23
3280,22
3280,1
3280,36
3291,23
3291,25
3291,26
3291,22
3291,6
3291,24
3291,74
3291,8
3291,75
3297,23
3297,25
3297,24
3297,6
3297,22
3297,1
3297,27
3297,29
3297,89
3297,87
3299,22
3299,24
3299,26
3299,23
3299,6
3299,25
3299,58
3304,26
3304,24
3304,23
3304,25
3304,27
3304,6
3304,1
3304,46
3304,2
3304,12
3305,24
3305,6
3305,25
3305,27
3305,1
3305,23
3305,26
3305,21
3323,22
3323,26
3323,6
3323,23
3323,25
3323,27
3323,24
3323,83
3323,32
3330,25
3330,1
3330,6
3330,22
3330,27
3330,23
3330,81
3339,22
3339,6
3339,23
3339,26
3339,27
3339,24
3339,1
3339,25
3339,48
3339,76
3339,16
3362,27
3362,6
3362,25
3362,23
3362,22
3362,1
3362,26
3362,24
3362,52
3179,1
3179,23
3179,22
3179,31
3179,24
3179,6
3179,81
3179,27
3183,27
3183,23
3183,22
3183,6
3183,24
3183,1
3183,31
3183,85
3183,84
3183,54
3215,31
3215,27
3215,23
3215,24
3215,6
3215,87
3217,31
3217,22
3217,27
3217,24
3217,23
3217,48
3217,59
3217,91
3221,22
3221,1
3221,27
3221,24
3221,31
3221,6
3221,81
3235,6
3235,24
3235,23
3235,22
3235,1
3235,31
3235,84
3235,79
3235,55
3236,24
3236,27
3236,23
3236,1
3236,22
3236,31
3236,6
3236,15
3236,18
3236,38
3240,24
3240,27
3240,31
3240,23
3240,6
3240,1
3240,89
3240,63
3244,24
3244,31
3244,1
3244,23
3244,22
3244,6
3244,5
3244,34
3244,79
3272,1
3272,27
3272,22
3272,31
3272,6
3272,5
3272,64
3302,22
3302,27
3302,31
3302,24
3302,1
3302,6
3302,9
3302,48
3307,27
3307,31
3307,22
3307,6
3307,1
3307,23
3307,58
3307,51
3307,28
3310,31
3310,1
3310,22
3310,24
3310,23
3310,27
3310,46
3310,14
3313,1
3313,27
3313,23
3313,22
3313,24
3313,6
3313,31
3313,33
3313,41
3333,23
3333,22
3333,27
3333,31
3333,6
3333,1
3333,24
3333,4
3333,17
3334,24
3334,22
3334,31
3334,27
3334,23
3334,26
3334,56
3334,85
3336,1
3336,6
3336,31
3336,24
3336,22
3336,27
3336,23
3336,51
3346,22
3346,23
3346,6
3346,27
3346,1
3346,24
3346,31
3346,36
3346,64
3353,6
3353,24
3353,31
3353,22
3353,1
3353,34
3353,37
3176,37
3176,25
3176,6
3176,1
3176,7
3176,28
3176,27
3176,69
3176,64
3176,61
3204,39
3204,25
3204,37
3204,6
3204,26
3204,28
3204,7
3204,27
3204,1
3204,56
3204,43
3204,65
3213,27
3213,25
3213,7
3213,26
3213,28
3213,1
3213,39
3213,37
3213,40
3213,77
3218,7
3218,6
3218,28
3218,26
3218,25
3218,39
3218,1
3218,27
3218,37
3218,92
3218,80
3218,36
3219,26
3219,1
3219,25
3219,39
3219,28
3219,27
3219,7
3219,6
3219,29
3222,39
3222,37
3222,26
3222,27
3222,1
3222,7
3222,6
3222,22
3222,12
3222,53
3227,26
3227,39
3227,27
3227,1
3227,37
3227,25
3227,6
3227,20
3227,58
3227,33
3253,37
3253,26
3253,39
3253,27
3253,7
3253,28
3253,1
3253,6
3253,25
3253,85
3253,50
3253,2
3256,1
3256,27
3256,26
3256,39
3256,37
3256,28
3256,7
3256,6
3256,25
3256,32
3256,41
3256,86
3288,7
3288,1
3288,27
3288,25
3288,37
3288,39
3288,26
3288,59
3298,28
3298,39
3298,25
3298,27
3298,37
3298,6
3298,26
3298,1
3298,7
3298,55
3298,30
3325,28
3325,26
3325,25
3325,1
3325,6
3325,7
3325,37
3325,27
3325,39
3325,92
3325,91
3350,27
3350,37
3350,28
3350,1
3350,26
3350,7
3350,39
3350,10
3350,79
3350,55
3359,7
3359,1
3359,26
3359,37
3359,27
3359,39
3359,6
3359,5
3359,80
3360,27
3360,6
3360,37
3360,28
3360,26
3360,25
3360,1
3360,7
3360,39
3360,23
3184,37
3184,39
3184,34
3184,38
3184,7
3184,40
3184,4
3184,86
3187,39
3187,7
3187,37
3187,34
3187,49
3212,34
3212,39
3212,40
3212,7
3212,38
3212,37
3212,21
3212,85
3212,50
3220,40
3220,39
3220,38
3220,34
3220,7
3220,76
3220,10
3220,49
3225,37
3225,34
3225,39
3225,38
3225,56
3228,37
3228,7
3228,38
3228,40
3228,80
3228,14
3228,71
3229,40
3229,37
3229,38
3229,39
3229,26
3229,41
3229,46
3238,38
3238,34
3238,37
3238,40
3238,56
3238,60
3241,7
3241,38
3241,40
3241,34
3241,39
3241,77
3241,67
3242,38
3242,37
3242,40
3242,34
3242,7
3242,39
3242,13
3245,39
3245,40
3245,34
3245,37
3245,38
3245,7
3245,74
3245,4
3268,37
3268,38
3268,34
3268,39
3268,7
3268,92
3268,60
3284,39
3284,40
3284,34
3284,37
3284,38
3284,7
3284,14
3285,34
3285,40
3285,37
3285,7
3285,38
3285,28
3285,79
3287,39
3287,7
3287,40
3287,34
3287,38
3287,37
3287,1
3287,32
3308,37
3308,34
3308,38
3308,7
3308,39
3308,40
3308,21
3312,39
3312,34
3312,37
3312,40
3312,78
3312,85
3312,44
3314,40
3314,37
3314,38
3314,39
3314,58
3319,38
3319,37
3319,34
3319,40
3319,39
3319,2
3319,86
3319,56
3361,40
3361,38
3361,34
3361,37
3361,29
3361,10
3361,86
3178,34
3178,35
3178,37
3178,39
3178,73
3200,35
3200,36
3200,37
3200,39
3200,34
3200,42
3200,78
3200,38
3202,34
3202,37
3202,39
3202,36
3202,68
3202,26
3202,17
3237,37
3237,39
3237,34
3237,36
3237,5
3247,35
3247,34
3247,36
3247,37
3247,39
3247,84
3247,53
3258,35
3258,37
3258,36
3258,34
3258,39
3258,46
3264,39
3264,34
3264,37
3264,35
3264,23
3264,49
3286,35
3286,34
3286,39
3286,36
3286,37
3286,70
3286,9
3296,35
3296,39
3296,37
3296,36
3296,61
3303,35
3303,36
3303,37
3303,34
3303,75
3306,34
3306,39
3306,36
3306,37
3306,35
3306,74
3306,3
3306,85
3318,36
3318,39
3318,34
3318,37
3318,92
3320,34
3320,37
3320,39
3320,36
3320,77
3320,16
3331,34
3331,39
3331,37
3331,35
3331,87
3331,54
3331,41
3341,37
3341,35
3341,36
3341,39
3341,34
3341,87
3341,64
3343,35
3343,37
3343,36
3343,39
3343,34
3343,42
3351,37
3351,36
3351,34
3351,35
3351,3
3351,60
3351,43
3355,34
3355,37
3355,35
3355,39
3355,17
3355,85
3173,18
3173,20
3173,21
3173,19
3173,6
3173,63
3173,62
3173,55
3185,19
3185,21
3185,18
3185,20
3185,6
3185,73
3185,32
3185,37
3186,18
3186,21
3186,19
3186,20
3186,75
3186,57
3195,19
3195,18
3195,20
3195,6
3195,21
3195,75
3223,19
3223,20
3223,6
3223,21
3223,18
3223,76
3223,26
3226,21
3226,20
3226,6
3226,18
3226,19
3226,32
3226,55
3226,78
3230,19
3230,18
3230,21
3230,20
3230,30
3230,24
3230,57
3262,20
3262,18
3262,19
3262,6
3262,21
3262,84
3262,73
3267,6
3267,21
3267,20
3267,19
3267,8
3270,6
3270,19
3270,18
3270,21
3270,20
3270,45
3274,19
3274,21
3274,20
3274,18
3274,48
3274,27
3276,19
3276,6
3276,21
3276,20
3276,18
3276,59
3277,21
3277,20
3277,6
3277,18
3277,40
3277,36
3277,16
3281,20
3281,6
3281,21
3281,19
3281,65
3281,53
3327,18
3327,6
3327,19
3327,21
3327,20
3327,79
3327,29
3327,63
3328,20
3328,19
3328,18
3328,6
3328,10
3328,27
3337,21
3337,19
3337,20
3337,18
3337,15
3174,7
3174,2
3174,1
3174,81
3174,67
3177,89
3177,1
3177,2
3177,27
3177,68
3194,1
3194,2
3194,7
3194,89
3194,87
3206,7
3206,2
3206,89
3206,46
3206,8
3232,89
3232,7
3232,1
3232,2
3232,8
3232,20
3232,83
3239,1
3239,2
3239,7
3239,64
3246,89
3246,1
3246,2
3246,7
3246,50
3246,69
3248,89
3248,7
3248,2
3248,1
3248,37
3248,74
3257,89
3257,2
3257,7
3257,60
3261,7
3261,89
3261,1
3261,19
3265,2
3265,1
3265,7
3265,12
3265,23
3271,1
3271,89
3271,7
3271,3
3271,46
3271,82
3279,2
3279,7
3279,89
3279,45
3279,88
3279,16
3283,1
3283,7
3283,89
3283,13
3324,1
3324,7
3324,89
3324,58
3348,2
3348,1
3348,7
3348,45
3348,84
3357,89
3357,1
3357,2
3357,26
3357,63
3357,39
3363,89
3363,1
3363,7
3363,25
3366,47
3366,46
3366,49
3366,50
3366,89
3366,10
3379,46
3379,47
3379,89
3379,49
3379,48
3379,80
3379,38
3379,81
3392,49
3392,50
3392,47
3392,46
3392,48
3392,89
3392,31
3392,73
3423,50
3423,89
3423,47
3423,49
3423,3
3423,9
3424,48
3424,47
3424,3
3424,89
3424,49
3424,62
3424,2
3424,92
3430,47
3430,49
3430,89
3430,3
3430,50
3430,42
3430,62
3441,50
3441,48
3441,47
3441,89
3441,46
3441,49
3441,75
3441,25
3448,49
3448,46
3448,3
3448,47
3448,50
3448,65
3448,43
3449,48
3449,89
3449,50
3449,46
3449,3
3449,49
3449,5
3449,19
3454,48
3454,50
3454,46
3454,89
3454,49
3454,3
3454,91
3454,24
3463,49
3463,46
3463,50
3463,3
3463,48
3463,66
3463,21
3474,47
3474,46
3474,3
3474,48
3474,50
3474,49
3474,77
3474,37
3475,46
3475,48
3475,49
3475,50
3475,89
3475,21
3475,67
3484,3
3484,47
3484,89
3484,49
3484,46
3484,50
3484,48
3484,32
3493,48
3493,46
3493,89
3493,49
3493,3
3493,50
3493,47
3493,87
3493,41
3494,49
3494,48
3494,89
3494,3
3494,47
3494,50
3494,46
3494,54
3494,18
3496,49
3496,48
3496,3
3496,89
3496,46
3496,47
3496,33
3496,28
3501,50
3501,46
3501,47
3501,48
3501,89
3501,49
3501,43
3501,25
3501,17
3503,89
3503,50
3503,49
3503,46
3503,47
3503,3
3503,68
3504,48
3504,3
3504,47
3504,50
3504,46
3504,89
3504,49
3504,74
3505,48
3505,49
3505,47
3505,3
3505,46
3505,50
3505,37
3507,46
3507,47
3507,3
3507,48
3507,49
3507,50
3507,89
3507,52
3507,86
3513,49
3513,46
3513,47
3513,89
3513,50
3513,48
3513,74
3513,26
3513,88
3515,49
3515,89
3515,3
3515,47
3515,48
3515,26
3517,89
3517,49
3517,47
3517,46
3517,48
3517,50
3517,3
3517,35
3517,28
3518,47
3518,3
3518,50
3518,48
3518,49
3518,65
3518,20
3521,50
3521,48
3521,49
3521,46
3521,47
3521,89
3521,14
3521,36
3522,47
3522,46
3522,49
3522,48
3522,50
3522,3
3522,18
3522,43
3522,4
3523,3
3523,47
3523,49
3523,48
3523,46
3523,42
3526,48
3526,49
3526,3
3526,89
3526,47
3526,46
3526,50
3526,43
3527,89
3527,3
3527,47
3527,49
3527,48
3527,50
3527,46
3527,18
3527,70
3527,10
3528,46
3528,89
3528,3
3528,50
3528,47
3528,13
3539,47
3539,89
3539,3
3539,48
3539,46
3539,49
3539,57
3539,75
3540,49
3540,48
3540,50
3540,46
3540,47
3540,27
3548,46
3548,3
3548,47
3548,89
3548,50
3548,49
3548,77
3548,5
3548,8
3550,89
3550,50
3550,46
3550,48
3550,3
3550,47
3550,49
3550,21
3551,49
3551,47
3551,50
3551,48
3551,89
3551,55
3551,3
3551,70
3554,48
3554,3
3554,89
3554,50
3554,49
3554,47
3554,6
3554,28
3554,31
3564,48
3564,3
3564,47
3564,50
3564,49
3564,46
3564,89
3564,29
3564,21
3565,3
3565,50
3565,49
3565,47
3565,46
3565,48
3565,89
3565,27
3573,47
3573,89
3573,46
3573,50
3573,49
3573,48
3573,3
3573,38
3573,64
3573,5
3578,49
3578,50
3578,89
3578,48
3578,3
3578,47
3578,7
3364,3
3364,46
3364,52
3364,47
3364,49
3364,92
3364,29
3364,81
3368,47
3368,49
3368,3
3368,89
3368,52
3368,34
3368,29
3368,70
3375,47
3375,3
3375,46
3375,52
3375,28
3375,68
3376,49
3376,47
3376,89
3376,46
3376,3
3376,52
3376,77
3376,82
3378,89
3378,46
3378,3
3378,47
3378,49
3378,5
3388,3
3388,89
3388,47
3388,52
3388,46
3388,49
3388,78
3388,22
3391,3
3391,47
3391,46
3391,52
3391,59
3394,47
3394,3
3394,89
3394,46
3394,52
3394,49
3394,17
3400,46
3400,47
3400,49
3400,3
3400,52
3400,5
3400,66
3400,24
3405,3
3405,89
3405,46
3405,49
3405,75
3405,36
3405,4
3409,52
3409,49
3409,3
3409,47
3409,89
3409,46
3409,56
3410,49
3410,3
3410,52
3410,46
3410,47
3410,89
3410,24
3410,2
3425,3
3425,89
3425,47
3425,49
3425,46
3425,52
3425,36
3427,89
3427,47
3427,46
3427,3
3427,61
3427,1
3427,87
3433,52
3433,49
3433,89
3433,3
3433,8
3433,38
3433,48
3440,52
3440,47
3440,49
3440,46
3440,21
3440,51
3440,89
3442,89
3442,52
3442,46
3442,49
3442,47
3442,23
3442,79
3446,47
3446,49
3446,89
3446,46
3446,3
3446,68
3446,92
3446,74
3447,47
3447,49
3447,3
3447,89
3447,46
3447,44
3459,89
3459,49
3459,52
3459,47
3459,3
3459,45
3482,89
3482,46
3482,47
3482,49
3482,3
3482,52
3482,56
3365,54
3365,49
3365,52
3365,58
3365,14
3365,78
3365,1
3372,58
3372,51
3372,52
3372,49
3372,54
3372,15
3372,42
3377,58
3377,54
3377,52
3377,51
3377,49
3377,45
3377,57
3377,14
3387,54
3387,51
3387,52
3387,49
3387,1
3387,69
3387,14
3389,51
3389,49
3389,52
3389,58
3389,54
3389,39
3389,27
3390,51
3390,49
3390,54
3390,52
3390,16
3390,27
3404,49
3404,58
3404,51
3404,52
3404,59
3414,54
3414,49
3414,52
3414,51
3414,58
3414,48
3414,27
3418,54
3418,58
3418,52
3418,49
3418,51
3418,69
3432,52
3432,49
3432,51
3432,58
3432,54
3432,13
3432,60
3432,81
3445,54
3445,49
3445,51
3445,58
3445,52
3445,66
3467,58
3467,49
3467,54
3467,52
3467,51
3467,50
3467,44
3481,58
3481,54
3481,49
3481,51
3481,75
3481,62
3483,58
3483,54
3483,49
3483,52
3483,17
3483,80
3483,91
3371,89
3371,50
3371,46
3371,49
3371,36
3371,76
3386,89
3386,46
3386,48
3386,50
3386,49
3386,62
3395,48
3395,46
3395,89
3395,49
3395,50
3395,20
3406,48
3406,50
3406,89
3406,46
3406,53
3415,50
3415,46
3415,48
3415,89
3415,44
3419,48
3419,50
3419,49
3419,46
3419,89
3419,18
3455,89
3455,46
3455,48
3455,49
3455,59
3455,3
3458,89
3458,46
3458,48
3458,49
3458,50
3458,60
3458,76
3465,46
3465,89
3465,50
3465,48
3465,49
3465,56
3465,69
3466,48
3466,46
3466,50
3466,49
3466,78
3469,48
3469,50
3469,49
3469,89
3469,34
3469,65
3469,9
3470,89
3470,50
3470,46
3470,49
3470,26
3471,49
3471,48
3471,89
3471,50
3471,51
3489,89
3489,46
3489,50
3489,48
3489,71
3489,2
3489,39
3491,49
3491,48
3491,50
3491,46
3491,89
3498,50
3498,89
3498,46
3498,49
3498,48
3498,75
3498,86
3499,48
3499,89
3499,49
3499,46
3499,65
3511,89
3511,48
3511,46
3511,50
3511,49
3511,29
3511,34
3514,46
3514,50
3514,89
3514,48
3514,49
3514,25
3516,50
3516,89
3516,49
3516,46
3516,48
3516,83
3516,70
3525,48
3525,89
3525,49
3525,50
3525,46
3525,60
3530,50
3530,46
3530,49
3530,89
3530,19
3530,86
3530,6
3532,49
3532,50
3532,48
3532,89
3532,46
3532,73
3532,82
3534,49
3534,50
3534,89
3534,48
3534,46
3534,80
3534,76
3534,82
3535,50
3535,49
3535,46
3535,48
3535,73
3535,71
3545,49
3545,89
3545,48
3545,50
3545,69
3545,30
3545,41
3546,48
3546,89
3546,50
3546,49
3546,46
3546,71
3546,92
3547,49
3547,89
3547,50
3547,48
3547,46
3547,18
3547,38
3547,25
3552,89
3552,49
3552,46
3552,48
3552,50
3552,38
3559,48
3559,49
3559,46
3559,89
3559,32
3559,54
3562,49
3562,50
3562,89
3562,48
3562,46
3562,82
3562,10
3570,46
3570,50
3570,49
3570,48
3570,89
3570,25
3572,50
3572,89
3572,49
3572,48
3572,46
3572,35
3576,50
3576,89
3576,49
3576,46
3576,59
3576,53
3580,46
3580,48
3580,89
3580,49
3580,50
3580,6
3581,49
3581,46
3581,89
3581,48
3581,13
3584,66
3584,64
3584,61
3584,60
3584,63
3584,67
3584,65
3584,44
3585,66
3585,63
3585,67
3585,64
3585,60
3585,65
3585,61
3585,85
3585,81
3585,35
3587,63
3587,61
3587,66
3587,60
3587,67
3587,65
3587,64
3587,50
3588,65
3588,67
3588,60
3588,61
3588,66
3588,84
3588,35
3588,68
3592,60
3592,61
3592,64
3592,66
3592,67
3592,84
3592,22
3595,61
3595,63
3595,60
3595,65
3595,64
3595,40
3595,56
3595,80
3600,67
3600,64
3600,66
3600,61
3600,60
3600,63
3600,65
3600,57
3600,20
3601,64
3601,65
3601,67
3601,60
3601,63
3601,61
3601,66
3601,70
3601,56
3601,75
3602,63
3602,60
3602,64
3602,65
3602,61
3602,66
3602,19
3602,10
3617,67
3617,66
3617,64
3617,61
3617,65
3617,60
3617,63
3617,46
3617,52
3632,61
3632,66
3632,63
3632,67
3632,64
3632,65
3632,79
3633,66
3633,67
3633,60
3633,64
3633,63
3633,50
3636,63
3636,67
3636,64
3636,60
3636,61
3636,66
3636,65
3636,12
3636,56
3643,63
3643,61
3643,67
3643,65
3643,66
3643,64
3643,22
3650,67
3650,65
3650,66
3650,61
3650,60
3650,47
3650,7
3664,60
3664,66
3664,61
3664,67
3664,63
3664,76
3664,7
3664,33
3667,65
3667,63
3667,64
3667,61
3667,67
3667,56
3670,67
3670,61
3670,66
3670,64
3670,65
3670,60
3670,9
3670,30
3670,12
3678,60
3678,65
3678,61
3678,63
3678,64
3678,66
3678,67
3678,31
3685,67
3685,61
3685,65
3685,60
3685,64
3685,35
3686,65
3686,60
3686,64
3686,63
3686,67
3686,20
3690,61
3690,67
3690,60
3690,63
3690,65
3690,66
3690,64
3690,72
3690,8
3690,51
3693,61
3693,60
3693,64
3693,67
3693,66
3693,83
3698,65
3698,63
3698,64
3698,61
3698,67
3698,60
3698,15
3698,32
3698,21
3702,65
3702,60
3702,66
3702,64
3702,67
3702,63
3702,61
3702,75
3702,70
3705,67
3705,64
3705,65
3705,66
3705,63
3705,61
3705,60
3705,81
3705,52
3705,33
3708,64
3708,61
3708,65
3708,67
3708,60
3708,63
3708,66
3708,84
3712,67
3712,63
3712,60
3712,64
3712,61
3712,66
3712,48
3712,4
3487,58
3487,56
3487,55
3487,57
3487,59
3487,19
3487,63
3487,81
3490,57
3490,58
3490,55
3490,59
3490,30
3495,57
3495,58
3495,56
3495,59
3495,55
3495,27
3495,65
3502,58
3502,55
3502,59
3502,57
3502,13
3502,38
3502,48
3512,57
3512,58
3512,56
3512,59
3512,81
3529,57
3529,58
3529,55
3529,56
3529,59
3529,43
3529,25
3531,59
3531,56
3531,55
3531,57
3531,58
3531,77
3531,35
3531,8
3533,59
3533,56
3533,57
3533,58
3533,62
3538,57
3538,58
3538,56
3538,59
3538,55
3538,7
3538,72
3542,58
3542,59
3542,56
3542,55
3542,75
3542,77
3542,69
3544,56
3544,58
3544,59
3544,57
3544,86
3544,35
3544,19
3556,56
3556,55
3556,57
3556,59
3556,51
3556,29
3557,55
3557,57
3557,59
3557,58
3557,54
3560,58
3560,56
3560,59
3560,57
3560,1
3567,56
3567,55
3567,59
3567,57
3567,29
3568,56
3568,58
3568,55
3568,57
3568,59
3568,84
3568,48
3571,57
3571,59
3571,58
3571,56
3571,55
3571,81
3571,72
3571,36
3575,56
3575,55
3575,59
3575,57
3575,43
3575,70
3031,70
3031,72
3031,62
3031,69
3031,68
3031,14
3031,19
3038,68
3038,72
3038,71
3038,70
3038,62
3038,69
3038,76
3038,66
3038,47
3041,72
3041,70
3041,71
3041,69
3041,68
3041,11
3041,32
3042,71
3042,70
3042,62
3042,68
3042,56
3043,70
3043,68
3043,72
3043,71
3043,62
3043,48
3043,16
3048,68
3048,70
3048,71
3048,72
3048,62
3048,56
3048,31
3052,68
3052,71
3052,72
3052,70
3052,62
3052,42
3052,81
3052,49
3054,62
3054,72
3054,71
3054,69
3054,20
3058,70
3058,72
3058,62
3058,69
3058,71
3058,68
3058,61
3067,62
3067,68
3067,69
3067,71
3067,92
3067,46
3067,90
3073,62
3073,72
3073,68
3073,70
3073,69
3073,71
3073,81
3078,62
3078,71
3078,72
3078,70
3078,51
3080,62
3080,69
3080,71
3080,70
3080,72
3080,37
3080,18
3080,9
3084,71
3084,69
3084,68
3084,72
3084,62
3084,83
3084,29
3087,69
3087,62
3087,70
3087,68
3087,71
3087,72
3087,46
3087,67
3092,69
3092,70
3092,71
3092,62
3092,68
3092,42
3092,27
3092,31
3093,68
3093,72
3093,62
3093,70
3093,69
3093,16
3093,19
3093,14
3098,68
3098,72
3098,62
3098,71
3098,69
3098,41
3098,80
3098,31
3100,70
3100,72
3100,71
3100,62
3100,68
3100,69
3100,90
3100,5
3103,68
3103,70
3103,72
3103,71
3103,62
3103,5
3107,76
3107,74
3107,77
3107,75
3107,73
3107,42
3107,58
3107,18
3108,76
3108,75
3108,77
3108,73
3108,74
3108,33
3109,73
3109,76
3109,74
3109,77
3109,75
3109,31
3115,75
3115,74
3115,77
3115,73
3115,76
3115,2
3116,75
3116,77
3116,74
3116,73
3116,76
3116,65
3116,26
3117,74
3117,75
3117,76
3117,77
3117,51
3117,68
3117,80
3118,76
3118,73
3118,74
3118,75
3118,59
3118,6
3118,37
3121,73
3121,76
3121,75
3121,77
3121,74
3121,60
3121,83
3122,75
3122,74
3122,76
3122,77
3122,88
3122,5
3123,77
3123,75
3123,74
3123,76
3123,68
3125,73
3125,74
3125,76
3125,77
3125,1
3125,56
3126,73
3126,75
3126,76
3126,74
3126,65
3128,77
3128,73
3128,74
3128,76
3128,75
3128,31
3132,77
3132,75
3132,73
3132,76
3132,74
3132,55
3132,11
3132,43
3134,76
3134,73
3134,77
3134,75
3134,34
3134,22
3134,89
3135,75
3135,76
3135,73
3135,74
3135,77
3135,21
3135,47
3135,13
3137,75
3137,73
3137,76
3137,77
3137,74
3137,31
3138,75
3138,74
3138,73
3138,76
3138,16
3138,65
3143,77
3143,73
3143,74
3143,75
3143,76
3143,12
3143,46
3148,76
3148,74
3148,75
3148,77
3148,3
3148,84
3148,12
3151,74
3151,77
3151,76
3151,73
3151,69
3151,25
3151,62
3154,73
3154,75
3154,74
3154,76
3154,77
3154,52
3154,28
3154,22
3156,77
3156,76
3156,75
3156,73
3156,30
3156,89
3156,64
3160,76
3160,75
3160,77
3160,74
3160,73
3160,5
3162,74
3162,73
3162,75
3162,77
3162,76
3162,48
3162,89
3162,44
3163,73
3163,75
3163,74
3163,77
3163,76
3163,82
3166,77
3166,74
3166,76
3166,75
3166,71
3166,44
3166,16
3167,75
3167,74
3167,76
3167,77
3167,5
3167,14
3168,75
3168,74
3168,77
3168,76
3168,20
3168,36
3714,89
3714,78
3714,79
3714,80
3714,40
3714,39
3717,78
3717,89
3717,79
3717,80
3717,12
3718,78
3718,79
3718,89
3718,34
3719,80
3719,78
3719,89
3719,79
3719,11
3719,30
3719,7
3722,80
3722,89
3722,78
3722,79
3722,88
3722,39
3722,13
3725,78
3725,79
3725,80
3725,89
3725,43
3725,35
3725,7
3726,78
3726,89
3726,80
3726,62
3727,89
3727,79
3727,80
3727,14
3727,34
3727,21
3729,78
3729,79
3729,89
3729,86
3731,78
3731,79
3731,89
3731,17
3731,22
3731,91
3734,89
3734,78
3734,79
3734,25
3734,64
3734,71
3738,78
3738,79
3738,89
3738,88
3738,50
3738,25
3740,80
3740,78
3740,79
3740,89
3740,37
3740,35
3740,32
3742,89
3742,79
3742,80
3742,15
3743,79
3743,80
3743,89
3743,78
3743,24
3743,86
3743,75
3746,79
3746,78
3746,80
3746,32
3748,78
3748,80
3748,79
3748,28
3583,60
3583,89
3583,65
3583,67
3583,61
3583,2
3583,53
3583,14
3589,61
3589,67
3589,60
3589,65
3589,89
3589,42
3589,53
3591,89
3591,65
3591,61
3591,60
3591,67
3591,50
3593,61
3593,89
3593,67
3593,65
3593,60
3593,7
3593,33
3594,67
3594,89
3594,60
3594,65
3594,59
3596,61
3596,67
3596,60
3596,89
3596,65
3596,36
3596,23
3597,60
3597,67
3597,65
3597,89
3597,61
3597,39
3597,87
3598,67
3598,61
3598,65
3598,89
3598,50
3598,35
3603,67
3603,61
3603,89
3603,60
3603,31
3604,67
3604,61
3604,65
3604,60
3604,89
3604,48
3604,71
3610,60
3610,65
3610,67
3610,61
3610,89
3610,9
3613,61
3613,65
3613,89
3613,60
3613,75
3613,82
3613,77
3615,67
3615,60
3615,89
3615,65
3615,74
3615,54
3630,60
3630,67
3630,89
3630,65
3630,61
3630,40
3630,55
3630,33
3638,89
3638,61
3638,65
3638,67
3638,60
3638,49
3639,89
3639,61
3639,60
3639,67
3639,65
3639,46
3639,63
3641,89
3641,65
3641,61
3641,60
3641,75
3641,3
3644,60
3644,61
3644,89
3644,67
3644,27
3645,67
3645,60
3645,89
3645,61
3645,65
3645,28
3646,65
3646,60
3646,67
3646,61
3646,80
3654,60
3654,65
3654,67
3654,61
3654,89
3654,44
3657,89
3657,60
3657,67
3657,61
3657,72
3657,84
3657,31
3661,67
3661,65
3661,89
3661,60
3661,1
3661,64
3661,28
3662,65
3662,60
3662,67
3662,89
3662,61
3662,55
3663,65
3663,67
3663,89
3663,60
3663,61
3663,13
3663,85
3663,78
3668,65
3668,61
3668,60
3668,89
3668,6
3671,61
3671,89
3671,60
3671,65
3671,59
3671,8
3673,61
3673,89
3673,60
3673,65
3673,67
3673,85
3673,39
3679,61
3679,60
3679,67
3679,89
3679,65
3679,22
3682,60
3682,61
3682,65
3682,67
3682,89
3682,21
3688,60
3688,61
3688,67
3688,89
3688,30
3688,22
3700,89
3700,65
3700,61
3700,60
3700,67
3700,55
3700,23
3701,65
3701,89
3701,61
3701,60
3701,67
3701,52
3704,67
3704,89
3704,60
3704,65
3704,61
3704,30
3706,89
3706,67
3706,61
3706,60
3706,70
3707,89
3707,61
3707,60
3707,65
3707,69
3709,61
3709,60
3709,89
3709,67
3709,34
3709,43
3715,61
3715,60
3715,89
3715,65
3715,18
3716,60
3716,61
3716,65
3716,67
3716,55
3720,65
3720,67
3720,60
3720,61
3720,4
3720,5
3721,60
3721,89
3721,65
3721,67
3721,42
3723,89
3723,60
3723,67
3723,65
3723,13
3723,57
3724,60
3724,89
3724,65
3724,67
3724,61
3724,49
3724,92
3728,89
3728,65
3728,61
3728,67
3728,11
3730,89
3730,67
3730,61
3730,65
3730,10
3730,20
3730,23
3732,89
3732,60
3732,61
3732,65
3732,67
3732,69
3733,67
3733,60
3733,89
3733,65
3733,61
3733,34
3733,32
3733,49
3735,65
3735,60
3735,61
3735,89
3735,67
3735,49
3735,77
3736,61
3736,67
3736,60
3736,89
3736,30
3736,42
3736,48
3737,65
3737,89
3737,60
3737,61
3737,6
3737,74
3737,84
3739,60
3739,67
3739,89
3739,65
3739,61
3739,83
3739,76
3739,59
3741,60
3741,61
3741,89
3741,65
3741,67
3741,7
3741,16
3744,65
3744,60
3744,89
3744,67
3744,61
3744,34
3744,87
3744,23
3745,67
3745,61
3745,65
3745,60
3745,89
3745,25
3745,72
3745,87
3747,67
3747,65
3747,60
3747,89
3747,9
3747,19
3747,52
3749,61
3749,65
3749,89
3749,67
3749,60
3749,32
3750,61
3750,65
3750,67
3750,89
3750,60
3750,40
3110,73
3110,76
3110,89
3110,74
3110,75
3110,50
3110,21
3110,46
3111,75
3111,73
3111,76
3111,74
3111,89
3111,92
3111,48
3111,44
3112,75
3112,74
3112,89
3112,73
3112,11
3112,61
3112,49
3113,76
3113,75
3113,74
3113,73
3113,89
3113,14
3113,48
3113,31
3114,75
3114,89
3114,76
3114,73
3114,82
3114,8
3119,73
3119,75
3119,76
3119,89
3119,74
3119,27
3120,74
3120,75
3120,73
3120,89
3120,41
3120,16
3120,51
3124,74
3124,73
3124,76
3124,75
3124,81
3124,59
3124,68
3127,73
3127,89
3127,75
3127,76
3127,74
3127,12
3127,85
3127,92
3129,76
3129,74
3129,73
3129,89
3129,42
3129,29
3129,6
3130,73
3130,89
3130,76
3130,74
3130,75
3130,13
3130,60
3131,89
3131,73
3131,76
3131,75
3131,74
3131,4
3133,75
3133,76
3133,73
3133,89
3133,68
3133,2
3133,32
3136,75
3136,76
3136,89
3136,74
3136,73
3136,37
3136,81
3136,16
3139,73
3139,74
3139,76
3139,75
3139,89
3139,8
3140,75
3140,73
3140,76
3140,74
3140,70
3141,74
3141,89
3141,76
3141,75
3141,73
3141,80
3142,76
3142,74
3142,73
3142,75
3142,82
3144,73
3144,74
3144,76
3144,75
3144,44
3144,54
3145,73
3145,75
3145,89
3145,74
3145,67
3146,73
3146,75
3146,76
3146,89
3146,74
3146,64
3147,76
3147,89
3147,75
3147,73
3147,74
3147,17
3149,73
3149,89
3149,76
3149,75
3149,74
3149,50
3149,51
3150,73
3150,76
3150,89
3150,74
3150,42
3152,73
3152,74
3152,89
3152,76
3152,46
3152,7
3153,89
3153,74
3153,76
3153,73
3153,75
3153,63
3153,55
3153,72
3155,89
3155,74
3155,75
3155,76
3155,6
3155,15
3157,75
3157,73
3157,89
3157,74
3157,44
3158,74
3158,76
3158,75
3158,73
3158,89
3158,28
3159,75
3159,73
3159,76
3159,89
3159,48
3159,58
3159,3
3161,89
3161,75
3161,76
3161,73
3161,37
3161,77
3164,73
3164,76
3164,74
3164,89
3164,80
3164,77
3165,89
3165,76
3165,75
3165,74
3165,73
3165,67
3169,74
3169,75
3169,76
3169,89
3169,73
3169,43
3170,75
3170,73
3170,89
3170,74
3170,83
3170,25
3170,23
3171,73
3171,74
3171,89
3171,76
3171,56
3172,89
3172,73
3172,74
3172,76
3172,75
3172,51
3032,91
3032,92
3032,86
3032,87
3032,28
3036,92
3036,87
3036,89
3036,86
3036,91
3036,85
3036,78
3036,47
3040,92
3040,87
3040,89
3040,86
3040,1
3040,45
3046,86
3046,87
3046,89
3046,91
3046,92
3046,71
3047,91
3047,89
3047,92
3047,86
3047,85
3047,35
3049,92
3049,91
3049,89
3049,87
3049,53
3049,81
3050,87
3050,86
3050,89
3050,92
3050,13
3050,90
3051,87
3051,89
3051,91
3051,92
3051,33
3057,89
3057,91
3057,92
3057,86
3057,76
3059,92
3059,89
3059,91
3059,86
3059,87
3059,62
3062,86
3062,92
3062,89
3062,87
3062,51
3062,50
3062,9
3063,86
3063,91
3063,89
3063,92
3063,11
3065,92
3065,89
3065,86
3065,91
3065,49
3066,92
3066,89
3066,86
3066,87
3066,78
3066,10
3066,42
3068,91
3068,92
3068,86
3068,89
3068,57
3068,83
3068,53
3069,86
3069,89
3069,92
3069,87
3069,3
3069,64
3074,91
3074,89
3074,87
3074,86
3074,92
3074,58
3074,18
3074,52
3076,87
3076,92
3076,91
3076,86
3076,89
3076,63
3076,81
3076,61
3077,86
3077,87
3077,89
3077,92
3077,91
3077,51
3081,86
3081,87
3081,92
3081,89
3081,91
3081,12
3082,89
3082,92
3082,91
3082,86
3082,45
3083,86
3083,91
3083,89
3083,92
3083,87
3083,27
3085,86
3085,92
3085,89
3085,91
3085,49
3088,87
3088,91
3088,86
3088,92
3088,60
3090,92
3090,89
3090,87
3090,86
3090,91
3090,58
3091,92
3091,89
3091,87
3091,91
3091,7
3091,22
3091,75
3095,86
3095,87
3095,91
3095,89
3095,92
3095,56
3097,89
3097,86
3097,91
3097,87
3097,92
3097,33
3097,14
3097,51
3101,92
3101,86
3101,91
3101,87
3101,89
3101,66
3101,22
3101,24
3102,86
3102,87
3102,89
3102,92
3102,76
3102,69
3488,86
3488,87
3488,91
3488,89
3488,74
3492,91
3492,92
3492,86
3492,87
3492,89
3492,32
3492,15
3492,66
3497,92
3497,89
3497,87
3497,86
3497,30
3497,74
3500,86
3500,91
3500,89
3500,87
3500,92
3500,16
3500,59
3500,62
3506,91
3506,92
3506,86
3506,87
3506,19
3506,2
3506,47
3508,91
3508,87
3508,86
3508,89
3508,29
3509,89
3509,87
3509,86
3509,91
3509,92
3509,43
3510,86
3510,89
3510,87
3510,92
3510,91
3510,84
3510,23
3510,10
3519,89
3519,91
3519,87
3519,86
3519,76
3519,69
3519,92
3520,87
3520,91
3520,89
3520,92
3520,86
3520,17
3524,89
3524,86
3524,92
3524,91
3524,70
3524,56
3524,77
3536,92
3536,89
3536,91
3536,86
3536,87
3536,44
3536,79
3536,66
3537,86
3537,89
3537,87
3537,91
3537,70
3537,65
3537,59
3541,91
3541,86
3541,87
3541,92
3541,70
3543,91
3543,92
3543,87
3543,86
3543,89
3543,79
3549,89
3549,91
3549,86
3549,92
3549,87
3549,79
3549,69
3553,91
3553,87
3553,89
3553,92
3553,86
3553,20
3553,17
3553,41
3555,91
3555,86
3555,89
3555,87
3555,68
3555,1
3555,52
3558,87
3558,89
3558,86
3558,92
3558,85
3561,91
3561,92
3561,89
3561,87
3561,86
3561,5
3561,4
3561,90
3563,87
3563,89
3563,91
3563,86
3563,44
3563,48
3563,35
3566,87
3566,91
3566,92
3566,89
3566,86
3566,46
3569,87
3569,92
3569,89
3569,86
3569,91
3569,29
3569,25
3574,89
3574,91
3574,86
3574,87
3574,92
3577,87
3577,89
3577,91
3577,92
3577,86
3577,50
3577,22
3579,91
3579,87
3579,89
3579,86
3579,68
3579,78
3590,86
3590,87
3590,89
3590,92
3590,91
3590,47
3590,4
3606,92
3606,89
3606,87
3606,91
3606,86
3606,42
3606,63
3606,37
3609,87
3609,86
3609,91
3609,92
3609,89
3609,66
3609,74
3609,10
3611,91
3611,92
3611,86
3611,89
3611,67
3612,92
3612,87
3612,91
3612,86
3612,89
3612,27
3612,51
3614,86
3614,89
3614,87
3614,91
3614,92
3614,42
3614,26
3618,87
3618,92
3618,91
3618,86
3618,61
3618,68
3619,87
3619,91
3619,92
3619,89
3619,3
3621,87
3621,86
3621,92
3621,91
3621,89
3621,23
3621,59
3625,92
3625,86
3625,89
3625,87
3625,91
3625,17
3625,62
3625,1
3626,89
3626,87
3626,86
3626,91
3626,92
3626,18
3627,92
3627,91
3627,87
3627,86
3627,89
3627,65
3627,54
3627,58
3629,89
3629,92
3629,86
3629,91
3629,87
3629,44
3629,66
3629,88
3635,92
3635,89
3635,91
3635,87
3635,86
3635,79
3635,37
3642,92
3642,87
3642,91
3642,86
3642,55
3651,86
3651,87
3651,92
3651,89
3651,91
3651,40
3653,87
3653,92
3653,86
3653,89
3653,91
3653,15
3653,42
3653,41
3665,87
3665,86
3665,92
3665,89
3665,5
3665,67
3666,91
3666,87
3666,89
3666,86
3666,39
3666,37
3669,91
3669,92
3669,86
3669,87
3669,89
3669,58
3669,82
3676,89
3676,91
3676,86
3676,92
3676,87
3676,66
3676,22
3677,89
3677,87
3677,86
3677,92
3677,91
3677,70
3677,14
3677,18
3681,86
3681,87
3681,92
3681,89
3681,1
3681,81
3681,40
3684,86
3684,91
3684,89
3684,92
3684,67
3689,91
3689,89
3689,87
3689,86
3689,71
3691,89
3691,86
3691,92
3691,91
3691,87
3691,67
3691,12
3697,87
3697,92
3697,91
3697,89
3697,86
3697,34
3697,47
3699,91
3699,87
3699,92
3699,86
3699,89
3699,19
3699,80
3033,65
3033,64
3033,61
3033,60
3033,14
3033,51
3033,7
3034,64
3034,60
3034,62
3034,61
3034,9
3035,61
3035,65
3035,64
3035,60
3035,62
3035,42
3037,61
3037,65
3037,62
3037,60
3037,53
3037,22
3037,13
3039,62
3039,60
3039,65
3039,61
3039,64
3039,76
3039,19
3039,31
3044,62
3044,65
3044,64
3044,60
3044,74
3044,27
3044,41
3045,62
3045,64
3045,60
3045,61
3045,65
3045,69
3045,29
3045,21
3053,62
3053,61
3053,60
3053,64
3053,65
3053,79
3053,69
3055,61
3055,64
3055,62
3055,65
3055,24
3056,64
3056,60
3056,65
3056,62
3056,32
3056,90
3060,65
3060,64
3060,62
3060,60
3060,61
3060,42
3060,18
3061,61
3061,65
3061,60
3061,62
3061,47
3064,60
3064,61
3064,65
3064,62
3064,64
3064,76
3064,68
3070,65
3070,64
3070,61
3070,60
3070,62
3070,71
3070,46
3070,24
3071,65
3071,64
3071,60
3071,62
3071,3
3072,62
3072,61
3072,64
3072,60
3072,65
3072,59
3075,62
3075,61
3075,60
3075,65
3075,20
3079,65
3079,62
3079,64
3079,60
3079,39
3086,64
3086,62
3086,65
3086,60
3086,83
3089,60
3089,64
3089,61
3089,65
3089,92
3094,60
3094,65
3094,64
3094,61
3094,62
3094,20
3094,15
3094,27
3096,60
3096,64
3096,61
3096,62
3096,18
3096,7
3096,15
3099,60
3099,65
3099,61
3099,62
3099,17
3104,60
3104,65
3104,62
3104,64
3104,18
3104,44
3105,61
3105,65
3105,62
3105,60
3105,64
3105,79
3105,25
3106,64
3106,62
3106,60
3106,65
3106,61
3106,89
3106,91
3582,65
3582,60
3582,64
3582,61
3582,62
3582,12
3586,60
3586,64
3586,62
3586,65
3586,61
3586,79
3599,61
3599,65
3599,62
3599,64
3599,60
3599,3
3605,62
3605,65
3605,64
3605,61
3605,88
3607,61
3607,62
3607,60
3607,65
3607,13
3608,64
3608,60
3608,65
3608,61
3608,55
3616,65
3616,62
3616,64
3616,61
3616,60
3616,17
3616,28
3620,62
3620,60
3620,65
3620,64
3620,19
3622,60
3622,64
3622,65
3622,61
3622,62
3622,30
3622,77
3623,62
3623,60
3623,64
3623,65
3623,61
3623,11
3623,56
3623,55
3624,64
3624,61
3624,60
3624,62
3624,72
3624,88
3628,62
3628,65
3628,61
3628,60
3628,85
3628,87
3628,1
3631,62
3631,60
3631,64
3631,65
3631,3
3634,64
3634,65
3634,62
3634,61
3634,60
3634,40
3634,85
3637,62
3637,64
3637,65
3637,61
3637,37
3637,55
3640,61
3640,62
3640,65
3640,60
3640,33
3647,64
3647,60
3647,65
3647,62
3647,61
3647,71
3648,60
3648,61
3648,65
3648,64
3648,30
3648,13
3648,58
3649,62
3649,60
3649,61
3649,64
3649,65
3649,6
3649,75
3649,2
3652,62
3652,64
3652,60
3652,65
3652,4
3652,14
3652,44
3655,64
3655,60
3655,65
3655,62
3655,58
3655,14
3656,60
3656,64
3656,62
3656,65
3656,11
3656,7
3658,62
3658,65
3658,61
3658,64
3658,60
3658,23
3658,15
3659,60
3659,65
3659,62
3659,61
3659,45
3660,64
3660,65
3660,62
3660,61
3660,60
3660,4
3660,27
3672,65
3672,60
3672,61
3672,64
3672,26
3672,82
3672,52
3674,64
3674,62
3674,61
3674,65
3674,20
3674,11
3675,65
3675,60
3675,62
3675,64
3675,61
3675,66
3675,3
3675,5
3680,62
3680,64
3680,61
3680,65
3680,40
3683,65
3683,60
3683,64
3683,62
3683,61
3683,81
3683,68
3687,60
3687,62
3687,65
3687,64
3687,61
3687,31
3687,75
3687,76
3692,65
3692,62
3692,64
3692,60
3692,32
3692,90
3694,62
3694,61
3694,60
3694,64
3694,82
3694,69
3694,5
3695,65
3695,64
3695,61
3695,62
3695,60
3695,9
3695,26
3695,63
3696,60
3696,64
3696,61
3696,62
3696,65
3696,49
3696,13
3703,61
3703,64
3703,65
3703,60
3703,66
3703,78
3710,61
3710,65
3710,60
3710,64
3710,62
3710,27
3711,65
3711,60
3711,62
3711,61
3711,64
3711,34
3713,64
3713,61
3713,60
3713,62
3713,7
3713,70
3001,89
3001,31
3001,1
3001,83
3001,86
3001,22
3004,83
3004,1
3004,89
3004,86
3004,49
3005,31
3005,1
3005,86
3005,89
3005,83
3005,71
3005,67
3005,84
3007,89
3007,1
3007,86
3007,31
3007,83
3007,71
3007,19
3009,1
3009,86
3009,31
3009,89
3009,59
3009,67
3009,50
3011,1
3011,31
3011,89
3011,83
3011,86
3011,7
3011,56
3011,63
3012,86
3012,1
3012,89
3012,83
3012,31
3012,12
3012,41
3012,79
3014,1
3014,89
3014,86
3014,31
3014,83
3014,79
3016,89
3016,31
3016,86
3016,83
3016,1
3016,85
3016,8
3016,37
3019,89
3019,83
3019,1
3019,86
3019,13
3019,76
3021,1
3021,83
3021,31
3021,89
3021,86
3021,87
3021,34
3021,24
3024,83
3024,31
3024,86
3024,89
3024,1
3024,61
3002,89
3002,84
3002,82
3002,85
3002,81
3002,83
3002,87
3002,37
3002,79
3003,84
3003,85
3003,82
3003,83
3003,89
3003,55
3003,4
3003,35
3006,85
3006,83
3006,82
3006,81
3006,84
3006,20
3008,83
3008,81
3008,84
3008,85
3008,89
3008,82
3008,32
3008,86
3008,53
3010,85
3010,89
3010,82
3010,81
3010,83
3010,69
3010,52
3013,89
3013,85
3013,82
3013,83
3013,81
3013,84
3013,34
3015,84
3015,82
3015,89
3015,83
3015,81
3015,3
3015,80
3017,81
3017,83
3017,89
3017,84
3017,76
3018,82
3018,83
3018,89
3018,81
3018,84
3018,85
3018,28
3020,89
3020,84
3020,81
3020,82
3020,85
3020,6
3022,83
3022,85
3022,81
3022,82
3022,89
3022,3
3022,22
3022,47
3023,83
3023,84
3023,82
3023,85
3023,81
3023,13
3023,55
3023,41
3025,81
3025,82
3025,83
3025,85
3025,89
3025,84
3025,9
3025,61
3026,84
3026,81
3026,82
3026,83
3026,89
3026,85
3026,70
3026,1
3026,52
3027,85
3027,82
3027,81
3027,89
3027,84
3027,35
3027,53
3028,81
3028,82
3028,83
3028,84
3028,89
3028,85
3028,49
3028,34
3028,70
3029,85
3029,89
3029,82
3029,83
3029,84
3029,80
3029,71
3029,57
3030,85
3030,84
3030,83
3030,89
3030,81
3030,44
3030,76
3370,42
3370,39
3370,43
3370,89
3370,41
3370,81
3370,92
3370,24
3374,43
3374,42
3374,39
3374,41
3374,6
3374,49
3374,15
3380,43
3380,39
3380,41
3380,89
3380,80
3381,41
3381,43
3381,89
3381,39
3381,42
3381,87
3381,17
3381,13
3393,42
3393,89
3393,43
3393,39
3393,41
3393,1
3393,7
3412,89
3412,42
3412,39
3412,41
3412,78
3412,33
3412,23
3413,42
3413,43
3413,41
3413,89
3413,75
3413,82
3413,59
3435,43
3435,89
3435,39
3435,41
3435,42
3435,21
3435,2
3436,42
3436,43
3436,41
3436,89
3436,39
3436,73
3436,4
3444,42
3444,89
3444,39
3444,43
3444,41
3444,17
3444,32
3451,42
3451,43
3451,41
3451,39
3451,89
3451,48
3451,38
3452,39
3452,43
3452,42
3452,41
3452,82
3452,49
3452,30
3453,39
3453,43
3453,89
3453,42
3453,23
3479,42
3479,41
3479,43
3479,89
3479,88
3479,64
3480,43
3480,41
3480,89
3480,39
3480,42
3480,14
3485,41
3485,42
3485,43
3485,39
3485,52
3369,42
3369,44
3369,43
3369,39
3369,45
3369,41
3369,67
3382,44
3382,43
3382,45
3382,42
3382,41
3382,39
3382,11
3385,44
3385,45
3385,42
3385,41
3385,35
3396,41
3396,43
3396,42
3396,39
3396,45
3396,19
3397,39
3397,41
3397,45
3397,43
3397,44
3397,42
3397,68
3397,50
3397,30
3408,42
3408,44
3408,43
3408,45
3408,39
3408,76
3408,50
3411,41
3411,42
3411,44
3411,43
3411,39
3411,45
3411,16
3417,44
3417,41
3417,42
3417,45
3417,43
3417,39
3417,5
3422,43
3422,42
3422,44
3422,45
3422,41
3422,39
3422,66
3422,50
3422,19
3426,39
3426,45
3426,41
3426,44
3426,62
3429,44
3429,45
3429,43
3429,42
3429,39
3429,62
3429,56
3439,41
3439,42
3439,45
3439,43
3439,4
3457,44
3457,45
3457,43
3457,42
3457,10
3472,42
3472,39
3472,44
3472,43
3472,41
3472,6
3473,42
3473,41
3473,39
3473,44
3473,43
3473,75
3473,70
3477,42
3477,44
3477,41
3477,43
3477,40
3478,39
3478,45
3478,44
3478,42
3478,61
3478,65
3486,42
3486,44
3486,39
3486,41
3486,45
3486,43
3486,33
3486,92
